Entrez_ID,Gene_Symbol,herb_count,herbs
2147,F2,10,"['Gymnema sylvestre', 'Butea monosperma', 'Tecomella undulata', 'Commiphora wightii', 'Tectona grandis', 'Aegle marmelos', 'Terminalia arjuna', 'Diospyros malabarica', 'Enicostema axillare', 'Pterocarpus marsupium']"
2099,ESR1,10,"['Gymnema sylvestre', 'Butea monosperma', 'Commiphora wightii', 'Aegle marmelos', 'Tecomella undulata', 'Enicostema axillare', 'Terminalia arjuna', 'Diospyros malabarica', 'Pterocarpus marsupium', 'Tectona grandis']"
43,ACHE,9,"['Berberis aristata', 'Enicostema axillare', 'Butea monosperma', 'Aegle marmelos', 'Gymnema sylvestre', 'Terminalia arjuna', 'Commiphora wightii', 'Tecomella undulata', 'Pterocarpus marsupium']"
5743,PTGS2,9,"['Enicostema axillare', 'Diospyros malabarica', 'Terminalia arjuna', 'Pterocarpus marsupium', 'Butea monosperma', 'Commiphora wightii', 'Gymnema sylvestre', 'Tecomella undulata', 'Aegle marmelos']"
5770,PTPN1,9,"['Enicostema axillare', 'Pterocarpus marsupium', 'Terminalia arjuna', 'Tectona grandis', 'Diospyros malabarica', 'Butea monosperma', 'Berberis aristata', 'Gymnema sylvestre', 'Aegle marmelos']"
2740,GLP1R,8,"['Aegle marmelos', 'Butea monosperma', 'Pterocarpus marsupium', 'Commiphora wightii', 'Gymnema sylvestre', 'Enicostema axillare', 'Tectona grandis', 'Diospyros malabarica']"
2908,NR3C1,8,"['Diospyros malabarica', 'Terminalia arjuna', 'Commiphora wightii', 'Gymnema sylvestre', 'Tecomella undulata', 'Enicostema axillare', 'Aegle marmelos', 'Butea monosperma']"
6530,SLC6A2,7,"['Gymnema sylvestre', 'Commiphora wightii', 'Tecomella undulata', 'Aegle marmelos', 'Enicostema axillare', 'Butea monosperma', 'Terminalia arjuna']"
5468,PPARG,7,"['Terminalia arjuna', 'Gymnema sylvestre', 'Commiphora wightii', 'Enicostema axillare', 'Butea monosperma', 'Pterocarpus marsupium', 'Aegle marmelos']"
1571,CYP2E1,7,"['Gymnema sylvestre', 'Terminalia arjuna', 'Butea monosperma', 'Enicostema axillare', 'Commiphora wightii', 'Tecomella undulata', 'Aegle marmelos']"
6531,SLC6A3,7,"['Terminalia arjuna', 'Gymnema sylvestre', 'Butea monosperma', 'Aegle marmelos', 'Enicostema axillare', 'Commiphora wightii', 'Tecomella undulata']"
5467,PPARD,7,"['Gymnema sylvestre', 'Butea monosperma', 'Commiphora wightii', 'Terminalia arjuna', 'Enicostema axillare', 'Pterocarpus marsupium', 'Berberis aristata']"
4886,NPY1R,6,"['Gymnema sylvestre', 'Terminalia arjuna', 'Butea monosperma', 'Commiphora wightii', 'Tecomella undulata', 'Aegle marmelos']"
5465,PPARA,6,"['Butea monosperma', 'Gymnema sylvestre', 'Commiphora wightii', 'Pterocarpus marsupium', 'Enicostema axillare', 'Berberis aristata']"
3356,HTR2A,6,"['Butea monosperma', 'Terminalia arjuna', 'Gymnema sylvestre', 'Aegle marmelos', 'Commiphora wightii', 'Tecomella undulata']"
4159,MC3R,6,"['Commiphora wightii', 'Gymnema sylvestre', 'Tecomella undulata', 'Terminalia arjuna', 'Aegle marmelos', 'Butea monosperma']"
590,BCHE,6,"['Berberis aristata', 'Enicostema axillare', 'Commiphora wightii', 'Gymnema sylvestre', 'Tecomella undulata', 'Pterocarpus marsupium']"
153,ADRB1,6,"['Aegle marmelos', 'Terminalia arjuna', 'Gymnema sylvestre', 'Commiphora wightii', 'Tecomella undulata', 'Butea monosperma']"
10411,RAPGEF3,6,"['Aegle marmelos', 'Pterocarpus marsupium', 'Terminalia arjuna', 'Gymnema sylvestre', 'Butea monosperma', 'Enicostema axillare']"
4318,MMP9,6,"['Pterocarpus marsupium', 'Terminalia arjuna', 'Gymnema sylvestre', 'Aegle marmelos', 'Commiphora wightii', 'Tecomella undulata']"
3358,HTR2C,6,"['Terminalia arjuna', 'Commiphora wightii', 'Gymnema sylvestre', 'Tecomella undulata', 'Aegle marmelos', 'Butea monosperma']"
1545,CYP1B1,6,"['Pterocarpus marsupium', 'Enicostema axillare', 'Terminalia arjuna', 'Butea monosperma', 'Berberis aristata', 'Aegle marmelos']"
761,CA3,6,"['Gymnema sylvestre', 'Aegle marmelos', 'Commiphora wightii', 'Tecomella undulata', 'Terminalia arjuna', 'Diospyros malabarica']"
154,ADRB2,6,"['Gymnema sylvestre', 'Terminalia arjuna', 'Commiphora wightii', 'Tecomella undulata', 'Aegle marmelos', 'Butea monosperma']"
1268,CNR1,6,"['Gymnema sylvestre', 'Terminalia arjuna', 'Commiphora wightii', 'Tecomella undulata', 'Butea monosperma', 'Aegle marmelos']"
4160,MC4R,5,"['Gymnema sylvestre', 'Aegle marmelos', 'Terminalia arjuna', 'Commiphora wightii', 'Tecomella undulata']"
834,CASP1,5,"['Aegle marmelos', 'Terminalia arjuna', 'Commiphora wightii', 'Gymnema sylvestre', 'Tecomella undulata']"
155,ADRB3,5,"['Gymnema sylvestre', 'Commiphora wightii', 'Tecomella undulata', 'Terminalia arjuna', 'Aegle marmelos']"
1066,CES1,5,"['Aegle marmelos', 'Pterocarpus marsupium', 'Gymnema sylvestre', 'Diospyros malabarica', 'Terminalia arjuna']"
4864,NPC1,4,"['Pterocarpus marsupium', 'Enicostema axillare', 'Gymnema sylvestre', 'Terminalia arjuna']"
6580,SLC22A1,3,"['Terminalia arjuna', 'Enicostema axillare', 'Gymnema sylvestre']"
3620,IDO1,3,"['Tectona grandis', 'Terminalia arjuna', 'Pterocarpus marsupium']"
2778,GNAS,3,"['Enicostema axillare', 'Butea monosperma', 'Aegle marmelos']"
3309,HSPA5,3,"['Enicostema axillare', 'Terminalia arjuna', 'Pterocarpus marsupium']"
