Protein_ligand_complex_file/DPP4_Chitraline.pdb	A	SER	209	1798	OG	 	UNL	1	7313	C	3.66690959801	
Protein_ligand_complex_file/DPP4_Chitraline.pdb	A	PHE	357	3252	CD1	 	UNL	1	7315	C	3.73095175525	
Protein_ligand_complex_file/DPP4_Chitraline.pdb	A	PHE	357	3254	CE1	 	UNL	1	7315	C	3.40455268721	
Protein_ligand_complex_file/DPP4_Chitraline.pdb	A	PHE	357	3256	CZ	 	UNL	1	7315	C	3.84041794601	
Protein_ligand_complex_file/DPP4_Chitraline.pdb	A	PHE	357	3251	CG	 	UNL	1	7317	C	3.84933565697	
Protein_ligand_complex_file/DPP4_Chitraline.pdb	A	PHE	357	3252	CD1	 	UNL	1	7317	C	3.5031906885	
Protein_ligand_complex_file/DPP4_Chitraline.pdb	A	PHE	357	3254	CE1	 	UNL	1	7317	C	3.68647758707	
Protein_ligand_complex_file/DPP4_Chitraline.pdb	A	SER	209	1798	OG	 	UNL	1	7322	O	2.93823365306	
Protein_ligand_complex_file/DPP4_Chitraline.pdb	A	ILE	405	3752	O	 	UNL	1	7335	C	3.68768084302	
Protein_ligand_complex_file/DPP4_Chitraline.pdb	A	ILE	405	3752	O	 	UNL	1	7336	C	2.9555513868	
Protein_ligand_complex_file/DPP4_Chitraline.pdb	A	ARG	356	3233	CB	 	UNL	1	7343	C	3.62283176535	
Protein_ligand_complex_file/DPP4_Chitraline.pdb	A	ARG	356	3233	CB	 	UNL	1	7345	C	3.7345966315	
Protein_ligand_complex_file/DPP4_Chitraline.pdb	A	PHE	357	3250	CB	 	UNL	1	7347	C	3.37544634086	
Protein_ligand_complex_file/DPP4_Chitraline.pdb	A	PHE	357	3250	CB	 	UNL	1	7348	C	3.53921954674	
Protein_ligand_complex_file/DPP4_Chitraline.pdb	A	TYR	585	5532	OH	 	UNL	1	7350	C	3.42720264939	
Protein_ligand_complex_file/DPP4_Chitraline.pdb	A	ARG	356	3228	N	 	UNL	1	7354	O	3.23272222747	
Protein_ligand_complex_file/DPP4_Chitraline.pdb	A	ARG	356	3233	CB	 	UNL	1	7354	O	3.71823318257	
Protein_ligand_complex_file/DPP4_Chitraline.pdb	A	ARG	358	3261	O	 	UNL	1	7354	O	2.99995249962	
Protein_ligand_complex_file/DPP4_Chitraline.pdb	A	ARG	356	3228	N	 	UNL	1	7355	C	3.39298482166	
Protein_ligand_complex_file/DPP4_Chitraline.pdb	A	ARG	356	3234	CG	 	UNL	1	7355	C	3.87294371248	
Protein_ligand_complex_file/DPP4_Chitraline.pdb	A	SER	360	3286	CB	 	UNL	1	7355	C	3.63686637093	
Protein_ligand_complex_file/DPP4_Chitraline.pdb	A	PHE	357	3245	N	 	UNL	1	7359	O	2.91035547657	
Protein_ligand_complex_file/DPP4_Chitraline.pdb	A	PHE	357	3247	CA	 	UNL	1	7359	O	3.54923498799	
Protein_ligand_complex_file/DPP4_Chitraline.pdb	A	PHE	357	3248	C	 	UNL	1	7359	O	3.66036951687	
Protein_ligand_complex_file/DPP4_Chitraline.pdb	A	PHE	357	3250	CB	 	UNL	1	7359	O	3.575146011	
Protein_ligand_complex_file/DPP4_Chitraline.pdb	A	ARG	358	3257	N	 	UNL	1	7359	O	2.90415082253	
Protein_ligand_complex_file/DPP4_Chitraline.pdb	A	ARG	358	3261	O	 	UNL	1	7359	O	3.04984737323	
Protein_ligand_complex_file/DPP4_Chitraline.pdb	A	ARG	358	3263	CG	 	UNL	1	7359	O	3.5356427987	
Protein_ligand_complex_file/DPP4_Chitraline.pdb	A	ARG	125	922	NH1	 	UNL	1	7368	C	3.25299047032	
Protein_ligand_complex_file/DPP4_Chitraline.pdb	A	ARG	125	925	NH2	 	UNL	1	7369	C	3.68633774904	
Protein_ligand_complex_file/DPP4_Chitraline.pdb	A	ARG	125	925	NH2	 	UNL	1	7372	C	3.4890872732	
Protein_ligand_complex_file/DPP4_Chitraline.pdb	A	TYR	547	5180	OH	 	UNL	1	7375	C	3.47778162052	
Protein_ligand_complex_file/DPP4_Chitraline.pdb	A	SER	630	5991	CB	 	UNL	1	7376	C	3.62832330423	
Protein_ligand_complex_file/DPP4_Chitraline.pdb	A	SER	630	5992	OG	 	UNL	1	7376	C	3.61148985877	
Protein_ligand_complex_file/DPP4_Chitraline.pdb	A	HIS	740	7056	NE2	 	UNL	1	7376	C	3.65411193041	
Protein_ligand_complex_file/DPP4_Chitraline.pdb	A	TYR	547	5180	OH	 	UNL	1	7377	C	3.6132894985	
Protein_ligand_complex_file/DPP4_Chitraline.pdb	A	TYR	662	6280	OH	 	UNL	1	7378	C	3.54363796119	
Protein_ligand_complex_file/DPP4_Chitraline.pdb	A	TYR	662	6280	OH	 	UNL	1	7380	C	3.49520957884	
Protein_ligand_complex_file/DPP4_Chitraline.pdb	A	TYR	547	5179	CZ	 	UNL	1	7383	C	3.62430972738	
Protein_ligand_complex_file/DPP4_Chitraline.pdb	A	TYR	547	5180	OH	 	UNL	1	7383	C	3.4405543158	
Protein_ligand_complex_file/DPP4_Chitraline.pdb	A	TYR	662	6278	CE2	 	UNL	1	7387	O	3.71168694801	
Protein_ligand_complex_file/DPP4_Chitraline.pdb	A	TYR	662	6279	CZ	 	UNL	1	7387	O	3.67733572033	
Protein_ligand_complex_file/DPP4_Chitraline.pdb	A	TYR	662	6280	OH	 	UNL	1	7387	O	2.95503028749	
Protein_ligand_complex_file/DPP4_Chitraline.pdb	A	TYR	666	6315	CD2	 	UNL	1	7387	O	3.64861370934	
Protein_ligand_complex_file/DPP4_Chitraline.pdb	A	TYR	666	6317	CE2	 	UNL	1	7387	O	3.57036174638	
Protein_ligand_complex_file/DPP4_Chitraline.pdb	A	TYR	662	6279	CZ	 	UNL	1	7389	O	3.39879007884	
Protein_ligand_complex_file/DPP4_Chitraline.pdb	A	TYR	662	6280	OH	 	UNL	1	7389	O	2.80646467998	
Protein_ligand_complex_file/DPP4_Chitraline.pdb	A	SER	630	5991	CB	 	UNL	1	7390	C	3.6163303223	
Protein_ligand_complex_file/DPP4_Chitraline.pdb	A	VAL	711	6771	CG2	 	UNL	1	7390	C	3.80449865291	
